{
  "ml_metrics": {
    "overall_accuracy": 78.0701754385965,
    "critical_detection_rate": 84.86842105263158,
    "false_positive_rate": 21.929824561403507,
    "mean_absolute_error": 2.9438221304146905,
    "class_accuracy": [
      89.74358974358975,
      66.85714285714286,
      83.33333333333334,
      84.86842105263158
    ],
    "normal_accuracy": 89.74358974358975,
    "medium_accuracy": 66.85714285714286,
    "high_accuracy": 83.33333333333334,
    "critical_accuracy": 84.86842105263158
  },
  "system_metrics": {
    "event_logging_accuracy": 99.98,
    "audit_trail_completeness": 100.0,
    "settings_persistence": 100.0
  },
  "timestamp": "2025-08-30T20:38:47.249145"
}